City_ID,City,Country,Date,Lat,Lng,Max Temp,Humidity,Cloudiness,Wind Speed
0,Batemans Bay,AU,2021-08-11 20:43:08,-35.7167,150.1833,51.91,75,18,5.68
1,Qeshm,IR,2021-08-11 20:43:09,26.9581,56.2719,93.09,80,0,10.38
2,Haines Junction,CA,2021-08-11 20:43:09,60.7522,-137.5108,58.95,51,100,3.44
3,Lebu,CL,2021-08-11 20:43:10,-37.6167,-73.65,52.27,70,0,13.4
4,Vizinga,RU,2021-08-11 20:43:10,61.0749,50.1031,57.63,84,100,6.51
5,Cape Town,ZA,2021-08-11 20:43:10,-33.9258,18.4232,57.11,92,75,4.0
6,Bambous Virieux,MU,2021-08-11 20:43:11,-20.3428,57.7575,72.21,88,75,9.22
7,Tasiilaq,GL,2021-08-11 20:40:01,65.6145,-37.6368,55.56,79,68,6.98
8,Atuona,PF,2021-08-11 20:43:11,-9.8,-139.0333,77.54,69,39,19.64
9,Kodiak,US,2021-08-11 20:41:32,57.79,-152.4072,53.11,94,90,4.61
10,Port Elizabeth,ZA,2021-08-11 20:43:12,-33.918,25.5701,52.11,75,25,15.43
11,Saint George,US,2021-08-11 20:43:12,37.1041,-113.5841,104.47,25,1,1.99
12,Bluff,NZ,2021-08-11 20:43:13,-46.6,168.3333,55.8,72,100,16.31
13,Rikitea,PF,2021-08-11 20:43:13,-23.1203,-134.9692,71.56,69,8,11.7
14,Busselton,AU,2021-08-11 20:43:13,-33.65,115.3333,47.05,78,43,8.41
15,Severo-Kurilsk,RU,2021-08-11 20:43:14,50.6789,156.125,54.82,78,100,5.73
16,Hermanus,ZA,2021-08-11 20:43:14,-34.4187,19.2345,53.91,85,59,18.57
17,Vestmannaeyjar,IS,2021-08-11 20:43:15,63.4427,-20.2734,54.59,87,90,18.41
18,Klaksvik,FO,2021-08-11 20:43:15,62.2266,-6.589,54.52,92,100,17.0
19,Muravlenko,RU,2021-08-11 20:43:15,63.7898,74.523,49.55,73,8,9.04
20,Yellowknife,CA,2021-08-11 20:43:16,62.456,-114.3525,59.52,44,75,17.27
21,Yarmouth,US,2021-08-11 20:43:16,41.7057,-70.2286,88.27,85,20,5.01
22,New Norfolk,AU,2021-08-11 20:43:16,-42.7826,147.0587,47.7,56,38,8.99
23,Lorengau,PG,2021-08-11 20:43:17,-2.0226,147.2712,82.45,71,99,7.76
24,Honiara,SB,2021-08-11 20:43:17,-9.4333,159.95,76.89,88,100,10.98
25,Barrow,US,2021-08-11 20:43:17,71.2906,-156.7887,37.42,83,90,14.97
26,Placido De Castro,BR,2021-08-11 20:43:18,-10.3353,-67.1856,98.35,19,49,3.6
27,Wanxian,CN,2021-08-11 20:43:18,30.8039,108.3897,75.69,93,97,3.83
28,Katima Mulilo,NA,2021-08-11 20:43:19,-17.5,24.2667,59.94,33,0,6.15
29,Port Alfred,ZA,2021-08-11 20:43:19,-33.5906,26.891,58.98,75,46,14.18
30,Avarua,CK,2021-08-11 20:43:20,-21.2078,-159.775,73.45,88,90,8.05
31,San Andres,CO,2021-08-11 20:43:20,12.5847,-81.7006,86.02,74,40,16.11
32,Muros,ES,2021-08-11 20:43:20,42.7762,-9.0603,69.98,81,1,7.34
33,Paka,MY,2021-08-11 20:43:20,4.6374,103.4368,75.13,100,100,0.0
34,Ponta Do Sol,PT,2021-08-11 20:43:21,32.6667,-17.1,74.03,61,2,4.0
35,Carnarvon,AU,2021-08-11 20:43:21,-24.8667,113.6333,46.47,45,0,11.5
36,Nishihara,JP,2021-08-11 20:43:22,26.1842,127.7558,82.06,92,75,14.97
37,Kapaa,US,2021-08-11 20:41:25,22.0752,-159.319,84.52,64,40,1.01
38,Ilulissat,GL,2021-08-11 20:43:22,69.2167,-51.1,50.02,66,75,8.05
39,Hithadhoo,MV,2021-08-11 20:43:23,-0.6,73.0833,80.69,73,100,8.25
40,Qaanaaq,GL,2021-08-11 20:43:23,77.484,-69.3632,42.67,87,100,5.46
41,Jiaojiang,CN,2021-08-11 20:43:23,28.6803,121.4428,76.46,98,100,1.23
42,Emba,KZ,2021-08-11 20:43:24,48.8264,58.1442,68.63,42,0,18.77
43,Tuktoyaktuk,CA,2021-08-11 20:43:24,69.4541,-133.0374,53.6,76,75,12.66
44,Quelimane,MZ,2021-08-11 20:43:24,-17.8786,36.8883,64.58,92,9,1.25
45,Saldanha,ZA,2021-08-11 20:43:25,-33.0117,17.9442,53.65,83,38,10.83
46,Khatanga,RU,2021-08-11 20:43:25,71.9667,102.5,46.27,80,100,14.7
47,Havre-Saint-Pierre,CA,2021-08-11 20:43:25,50.2334,-63.5986,68.36,94,90,10.36
48,Half Moon Bay,US,2021-08-11 20:40:56,37.4636,-122.4286,96.93,63,1,1.01
49,Sorland,NO,2021-08-11 20:43:26,67.667,12.6934,53.67,93,100,8.19
50,Rio Gallegos,AR,2021-08-11 20:43:26,-51.6226,-69.2181,53.65,54,40,18.41
51,Castro,BR,2021-08-11 20:43:27,-24.7911,-50.0119,56.17,94,78,6.8
52,Albany,US,2021-08-11 20:42:37,42.6001,-73.9662,92.03,65,26,8.55
53,Punta Arenas,CL,2021-08-11 20:43:27,-53.15,-70.9167,50.11,66,75,11.5
54,Isiro,CD,2021-08-11 20:43:27,2.7739,27.616,65.53,99,43,1.83
55,Kawalu,ID,2021-08-11 20:43:28,-7.3817,108.2082,67.69,92,61,1.77
56,Ushuaia,AR,2021-08-11 20:42:42,-54.8,-68.3,42.46,81,75,8.05
57,Cairns,AU,2021-08-11 20:43:28,-16.9167,145.7667,70.07,92,26,9.22
58,Hilo,US,2021-08-11 20:43:29,19.7297,-155.09,79.79,90,90,9.22
59,Cap Malheureux,MU,2021-08-11 20:43:29,-19.9842,57.6142,72.46,84,2,5.01
60,Balkanabat,TM,2021-08-11 20:43:29,39.5108,54.3671,91.38,17,6,7.25
61,Mataura,NZ,2021-08-11 20:43:30,-46.1927,168.8643,55.47,78,100,4.76
62,Ribeira Grande,PT,2021-08-11 20:43:30,38.5167,-28.7,75.6,83,40,8.05
63,Roros,NO,2021-08-11 20:43:30,62.5747,11.3842,49.84,87,90,4.61
64,Tuatapere,NZ,2021-08-11 20:43:31,-46.1333,167.6833,55.81,83,100,6.46
65,Winnemucca,US,2021-08-11 20:43:31,40.973,-117.7357,96.85,6,1,6.91
66,Esperance,AU,2021-08-11 20:43:32,-33.8667,121.9,53.44,77,94,12.35
67,Shenjiamen,CN,2021-08-11 20:43:32,29.9576,122.298,79.32,92,99,10.92
68,Umm Lajj,SA,2021-08-11 20:43:33,25.0213,37.2685,90.01,45,0,4.65
69,Saint-Philippe,RE,2021-08-11 20:43:33,-21.3585,55.7679,71.15,85,49,11.18
70,Peyima,SL,2021-08-11 20:43:33,8.7,-11.0333,70.41,99,100,1.68
71,Bredasdorp,ZA,2021-08-11 20:43:34,-34.5322,20.0403,53.28,71,39,8.05
72,Vaini,TO,2021-08-11 20:43:34,-21.2,-175.2,66.36,88,90,10.36
73,Mahibadhoo,MV,2021-08-11 20:43:34,3.7833,72.9667,82.29,75,99,12.21
74,Iqaluit,CA,2021-08-11 20:43:35,63.7506,-68.5145,47.93,71,75,18.41
75,Jamestown,US,2021-08-11 20:42:00,42.097,-79.2353,83.52,73,1,21.85
76,Antofagasta,CL,2021-08-11 20:40:35,-23.65,-70.4,58.28,73,92,7.16
77,Berlevag,NO,2021-08-11 20:43:35,70.8578,29.0864,59.0,100,75,2.3
78,Ankazoabo,MG,2021-08-11 20:43:36,-22.2833,44.5167,62.82,54,1,4.14
79,Cherskiy,RU,2021-08-11 20:43:36,68.75,161.3,56.26,49,91,5.32
80,Bathsheba,BB,2021-08-11 20:43:36,13.2167,-59.5167,86.61,70,40,20.71
81,Cabo San Lucas,MX,2021-08-11 20:39:03,22.8909,-109.9124,92.52,76,75,3.0
82,Playa Del Carmen,MX,2021-08-11 20:43:29,20.6274,-87.0799,87.89,74,75,6.91
83,Hobart,AU,2021-08-11 20:43:37,-42.8794,147.3294,48.06,65,75,1.99
84,Ponta Delgada,PT,2021-08-11 20:43:37,37.7333,-25.6667,74.12,83,20,8.05
85,Bilma,NE,2021-08-11 20:43:37,18.6853,12.9164,91.06,42,56,9.48
86,Butaritari,KI,2021-08-11 20:43:38,3.0707,172.7902,83.1,67,9,13.09
87,Christchurch,NZ,2021-08-11 20:40:51,-43.5333,172.6333,52.48,100,50,3.44
88,Saint-Augustin,CA,2021-08-11 20:43:38,51.226,-58.6502,57.34,71,100,14.29
89,Svetlaya,RU,2021-08-11 20:43:38,46.5389,138.3297,56.5,64,26,3.6
90,Georgetown,MY,2021-08-11 20:38:48,5.4112,100.3354,78.75,88,20,3.44
91,Arraial Do Cabo,BR,2021-08-11 20:43:39,-22.9661,-42.0278,71.56,83,0,16.11
92,Kurilsk,RU,2021-08-11 20:43:39,45.2333,147.8833,52.88,82,62,7.07
93,Strezhevoy,RU,2021-08-11 20:43:40,60.7333,77.5889,48.18,75,0,9.4
94,Sampit,ID,2021-08-11 20:43:40,-2.5333,112.95,74.61,97,91,1.45
95,Sitka,US,2021-08-11 20:38:40,57.0531,-135.33,57.09,82,90,4.61
96,Cartagena,CO,2021-08-11 20:43:41,10.3997,-75.5144,82.02,89,75,6.91
97,Ormond Beach,US,2021-08-11 20:43:41,29.2858,-81.0559,91.17,61,40,11.5
98,Lavrentiya,RU,2021-08-11 20:43:41,65.5833,-171.0,41.79,67,100,6.06
99,Tamworth,GB,2021-08-11 20:41:54,52.634,-1.6959,67.62,73,73,8.01
100,Jumla,NP,2021-08-11 20:43:42,29.2747,82.1838,62.33,94,73,0.94
101,Namibe,AO,2021-08-11 20:43:42,-15.1961,12.1522,63.59,87,50,11.7
102,Batagay,RU,2021-08-11 20:43:43,67.6333,134.6333,60.22,97,100,1.39
103,Anadyr,RU,2021-08-11 20:43:43,64.75,177.4833,45.1,76,75,17.9
104,Airai,TL,2021-08-11 20:43:43,-8.9266,125.4092,56.73,85,34,3.83
105,Westport,US,2021-08-11 20:43:44,41.1415,-73.3579,94.01,76,1,4.0
106,Arrifes,PT,2021-08-11 20:43:44,37.7667,-25.7,71.85,83,20,8.05
107,Tiznit,MA,2021-08-11 20:43:44,29.5833,-9.5,66.04,74,0,3.06
108,Ocean City,US,2021-08-11 20:39:09,39.2776,-74.5746,95.25,82,6,11.68
109,Outjo,NA,2021-08-11 20:43:45,-20.1167,16.15,61.3,39,0,8.01
110,Robertsport,LR,2021-08-11 20:43:45,6.7533,-11.3686,79.09,81,100,13.76
111,Provideniya,RU,2021-08-11 20:43:45,64.3833,-173.3,41.11,81,90,6.71
112,Thessalon,CA,2021-08-11 20:42:16,46.2501,-83.5666,79.09,87,73,7.45
113,Laguna,US,2021-08-11 20:43:46,38.421,-121.4238,106.65,23,1,1.01
114,Barcelos,PT,2021-08-11 20:40:09,41.5388,-8.6151,71.85,90,0,3.2
115,Enterprise,US,2021-08-11 20:43:46,36.0252,-115.2419,100.38,32,20,1.99
116,San Pedro De Macoris,DO,2021-08-11 20:42:45,18.4616,-69.2972,83.01,87,100,4.74
117,Banda Aceh,ID,2021-08-11 20:43:47,5.5577,95.3222,79.0,78,100,13.02
118,Novyy Urengoy,RU,2021-08-11 20:42:25,66.0833,76.6333,47.53,76,0,6.98
119,Talavera,PH,2021-08-11 20:43:47,15.6167,120.9333,74.77,95,100,1.5
120,Alofi,NU,2021-08-11 20:43:48,-19.0595,-169.9187,73.29,94,40,16.11
121,Geraldton,AU,2021-08-11 20:43:48,-28.7667,114.6,45.01,93,1,6.91
122,Bekovo,RU,2021-08-11 20:43:48,52.4663,43.712,77.7,43,65,16.04
123,Torbay,CA,2021-08-11 20:43:49,47.6666,-52.7314,71.76,79,90,3.44
124,East London,ZA,2021-08-11 20:43:49,-33.0153,27.9116,63.77,64,15,16.2
125,Wau,SS,2021-08-11 20:43:49,7.7029,27.9953,71.4,96,100,1.48
126,Kirkuk,IQ,2021-08-11 20:43:50,35.4681,44.3922,94.23,17,0,10.92
127,Chokurdakh,RU,2021-08-11 20:43:50,70.6333,147.9167,62.46,58,100,4.52
128,Puerto Ayora,EC,2021-08-11 20:43:50,-0.7393,-90.3518,80.56,85,50,8.01
129,Atikokan,CA,2021-08-11 20:42:15,48.7555,-91.6216,78.66,24,2,15.57
130,Beringovskiy,RU,2021-08-11 20:43:51,63.05,179.3167,45.88,82,89,8.3
131,Mar Del Plata,AR,2021-08-11 20:39:11,-38.0023,-57.5575,50.02,66,75,13.8
132,Sisophon,KH,2021-08-11 20:43:51,13.5859,102.9737,77.79,86,100,3.56
133,Kargasok,RU,2021-08-11 20:43:51,59.0556,80.8572,52.23,94,100,15.79
134,Saint-Pierre,RE,2021-08-11 20:43:52,-21.3393,55.4781,71.24,82,20,3.44
135,San Patricio,US,2021-08-11 20:43:52,28.017,-97.5169,96.89,49,5,15.75
136,Clyde River,CA,2021-08-11 20:43:53,70.4692,-68.5914,53.83,58,75,9.22
137,Norman Wells,CA,2021-08-11 20:43:53,65.282,-126.8329,57.24,82,75,9.22
138,Hof,DE,2021-08-11 20:43:53,50.3167,11.9167,64.11,79,75,4.0
139,Morgan City,US,2021-08-11 20:43:54,29.6994,-91.2068,86.0,94,90,4.61
140,Sheltozero,RU,2021-08-11 20:43:54,61.3667,35.3667,61.52,73,30,3.24
141,Maragogi,BR,2021-08-11 20:43:54,-9.0122,-35.2225,74.5,88,56,9.06
142,Kropotkin,RU,2021-08-11 20:43:55,45.4375,40.5756,75.47,74,97,5.03
143,Qinhuangdao,CN,2021-08-11 20:43:55,39.9317,119.5883,68.07,87,92,7.25
144,Nosy Varika,MG,2021-08-11 20:43:56,-20.5833,48.5333,64.81,87,37,3.62
145,Fort Nelson,CA,2021-08-11 20:43:56,58.8053,-122.7002,69.39,35,40,16.11
146,Lubbock,US,2021-08-11 20:43:07,33.6001,-101.8338,93.38,37,75,14.97
147,Flinders,AU,2021-08-11 20:43:57,-34.5833,150.8552,59.2,59,43,8.99
148,Hamilton,US,2021-08-11 20:43:57,39.1834,-84.5333,94.21,63,20,3.0
149,Sungai Besar,MY,2021-08-11 20:43:57,3.6746,100.9867,77.05,84,80,5.32
150,Wisconsin Rapids,US,2021-08-11 20:43:58,44.3836,-89.8174,83.19,85,20,3.44
151,Virtsu,EE,2021-08-11 20:43:58,58.5716,23.5115,60.94,97,100,2.37
152,Upernavik,GL,2021-08-11 20:43:58,72.7868,-56.1549,43.11,85,97,17.87
153,Marzuq,YE,2021-08-11 20:43:59,14.4,46.4667,79.36,49,4,4.85
154,Filingue,NE,2021-08-11 20:43:59,14.3521,3.3168,86.76,55,90,15.86
155,Hualmay,PE,2021-08-11 20:43:59,-11.0964,-77.6139,66.24,70,91,10.94
156,Faanui,PF,2021-08-11 20:44:00,-16.4833,-151.75,78.58,72,21,14.23
157,Dongsheng,CN,2021-08-11 20:44:00,39.8161,109.9776,61.14,59,28,7.45
158,Leningradskiy,RU,2021-08-11 20:44:00,69.3833,178.4167,37.87,75,100,9.31
159,Kaitangata,NZ,2021-08-11 20:44:01,-46.2817,169.8464,46.78,83,100,4.52
160,Taltal,CL,2021-08-11 20:44:01,-25.4,-70.4833,60.42,70,97,5.39
161,Lokosovo,RU,2021-08-11 20:44:01,61.1333,74.8167,47.95,79,2,6.8
162,Cravo Norte,CO,2021-08-11 20:44:02,6.3017,-70.2041,84.27,69,64,2.55
163,Carutapera,BR,2021-08-11 20:44:02,-1.195,-46.02,79.02,87,70,7.61
164,Te Anau,NZ,2021-08-11 20:44:03,-45.4167,167.7167,50.31,92,100,6.67
165,Tiksi,RU,2021-08-11 20:44:03,71.6872,128.8694,55.13,77,54,7.47
166,Kovernino,RU,2021-08-11 20:44:03,57.1253,43.8142,66.58,94,100,9.8
167,Road Town,VG,2021-08-11 20:42:36,18.4167,-64.6167,87.84,79,40,9.22
168,Non Sang,TH,2021-08-11 20:44:04,16.8687,102.5664,78.91,88,100,2.55
169,Dingle,PH,2021-08-11 20:44:04,10.9995,122.6711,75.11,88,100,3.74
170,Katsuura,JP,2021-08-11 20:44:04,35.1333,140.3,78.91,89,100,7.78
171,Pringsewu,ID,2021-08-11 20:44:05,-5.3582,104.9744,71.47,96,40,1.25
172,Samarai,PG,2021-08-11 20:44:05,-10.6167,150.6667,78.15,87,93,12.01
173,Petatlan,MX,2021-08-11 20:44:05,17.5167,-101.2667,87.62,60,12,6.26
174,Rosa Zarate,EC,2021-08-11 20:44:06,0.3333,-79.4667,82.15,67,99,4.74
175,Tumbagaan,PH,2021-08-11 20:44:06,5.3656,120.3139,81.23,80,86,9.57
176,Chicama,PE,2021-08-11 20:44:06,-7.8447,-79.1469,66.74,62,35,9.37
177,Bethel,US,2021-08-11 20:44:07,41.3712,-73.414,92.25,69,40,1.99
178,Yinchuan,CN,2021-08-11 20:44:07,38.4681,106.2731,67.51,50,95,6.31
179,Chapada Dos Guimaraes,BR,2021-08-11 20:44:07,-15.4606,-55.7497,76.66,30,71,7.94
180,Zemio,CF,2021-08-11 20:44:08,5.0314,25.1361,69.73,97,96,2.89
181,Birjand,IR,2021-08-11 20:44:08,32.8663,59.2211,70.27,13,0,6.91
182,Saint-Brieuc,FR,2021-08-11 20:44:08,48.4167,-2.8333,62.11,84,0,0.0
183,Tecoanapa,MX,2021-08-11 20:44:09,16.5167,-98.75,85.51,57,9,8.25
184,Narsaq,GL,2021-08-11 20:44:09,60.9167,-46.05,53.58,66,7,3.98
185,Jiuquan,CN,2021-08-11 20:44:10,39.7432,98.5174,62.85,56,0,2.75
186,College,US,2021-08-11 20:44:10,64.8569,-147.8028,66.0,68,75,3.44
187,Sennoy,RU,2021-08-11 20:44:10,52.1509,46.9631,76.71,36,35,13.62
188,Mahebourg,MU,2021-08-11 20:44:11,-20.4081,57.7,72.25,88,75,9.22
189,Arinos,BR,2021-08-11 20:40:34,-15.9169,-46.1056,80.24,28,59,3.13
190,Balkhash,KZ,2021-08-11 20:44:11,46.844,74.9804,70.03,58,21,12.37
191,Thompson,CA,2021-08-11 20:44:12,55.7435,-97.8558,53.76,82,90,21.85
192,Yulara,AU,2021-08-11 20:44:12,-25.2406,130.9889,46.24,39,0,6.91
193,Dondo,MZ,2021-08-11 20:44:12,-19.6094,34.7431,65.71,92,7,3.98
194,Kruisfontein,ZA,2021-08-11 20:44:13,-34.0033,24.7314,49.89,80,39,15.84
195,Lagoa,PT,2021-08-11 20:44:13,39.05,-27.9833,72.3,85,9,18.81
196,Plettenberg Bay,ZA,2021-08-11 20:44:13,-34.0527,23.3716,56.43,72,89,11.25
197,Sobolevo,RU,2021-08-11 20:44:14,54.4299,31.8996,61.57,84,26,1.32
198,Nome,US,2021-08-11 20:44:14,64.5011,-165.4064,48.27,58,90,0.0
199,Mishima,JP,2021-08-11 20:44:14,35.1167,138.9167,76.5,89,100,2.37
200,Shimoda,JP,2021-08-11 20:44:15,34.6667,138.95,77.31,88,100,10.67
201,Sale,MA,2021-08-11 20:44:15,34.0389,-6.8166,72.28,83,40,3.44
202,Mata,PT,2021-08-11 20:44:15,40.683,-7.4592,72.77,57,0,5.28
203,Lata,PT,2021-08-11 20:44:16,40.1629,-8.3327,75.04,93,1,3.29
204,Dong Hoi,VN,2021-08-11 20:44:16,17.4833,106.6,84.02,73,100,6.46
205,Gariadhar,IN,2021-08-11 20:44:16,21.5333,71.5833,79.63,70,100,8.95
206,Tubuala,PA,2021-08-11 20:44:17,9.5167,-79.0333,82.51,78,100,6.89
207,Longyearbyen,SJ,2021-08-11 20:40:13,78.2186,15.6401,46.24,93,90,9.22
208,Pangnirtung,CA,2021-08-11 20:44:17,66.1451,-65.7125,50.0,76,20,5.75
209,Codrington,AU,2021-08-11 20:44:18,-38.2667,141.9667,50.56,82,97,8.95
210,Edendale,ZA,2021-08-11 20:44:18,-29.6528,30.3147,53.62,33,0,5.28
211,Kota Kinabalu,MY,2021-08-11 20:44:18,5.9749,116.0724,76.98,94,20,3.44
212,Zhezkazgan,KZ,2021-08-11 20:44:18,47.8043,67.7144,65.64,53,49,13.11
213,Tarabuco,BO,2021-08-11 20:44:19,-19.1667,-64.9167,48.36,61,64,6.62
214,Broome,US,2021-08-11 20:41:19,42.2506,-75.833,88.86,68,40,3.0
215,Cocachacra,PE,2021-08-11 20:44:19,-17.0883,-71.7575,63.95,72,14,6.58
216,Orlik,RU,2021-08-11 20:44:20,52.5178,99.825,55.36,76,100,3.69
217,Riverton,US,2021-08-11 20:44:20,40.5219,-111.9391,96.3,17,1,4.0
218,La Suiza,CR,2021-08-11 20:44:20,9.8524,-83.6133,76.57,93,96,3.8
219,Talnakh,RU,2021-08-11 20:44:21,69.4865,88.3972,42.69,94,100,5.77
220,Namtsy,RU,2021-08-11 20:44:21,62.7161,129.6658,59.11,97,100,3.47
221,Quilmana,PE,2021-08-11 20:44:21,-12.95,-76.3833,67.03,68,24,6.29
222,Bengkulu,ID,2021-08-11 20:44:22,-3.8004,102.2655,74.34,91,98,4.0
223,Doka,SD,2021-08-11 20:44:22,13.5167,35.7667,70.93,93,100,6.2
224,Trairi,BR,2021-08-11 20:39:37,-3.2778,-39.2689,79.29,81,1,14.07
225,Cidreira,BR,2021-08-11 20:44:23,-30.1811,-50.2056,50.79,69,25,9.37
226,Waddan,LY,2021-08-11 20:44:23,29.1614,16.139,90.81,20,0,10.67
227,Nanortalik,GL,2021-08-11 20:44:23,60.1432,-45.2371,48.42,71,15,9.4
228,Iquitos,PE,2021-08-11 20:44:24,-3.7481,-73.2472,89.64,58,75,2.3
229,Baruun-Urt,MN,2021-08-11 20:44:24,46.6806,113.2792,55.4,90,53,5.95
230,Majur,RS,2021-08-11 20:44:24,44.7697,19.6544,77.22,34,0,7.52
231,Pisco,PE,2021-08-11 20:44:25,-13.7,-76.2167,62.65,77,90,12.66
232,Soc Trang,VN,2021-08-11 20:44:25,9.6033,105.98,76.96,86,100,4.97
233,Baykit,RU,2021-08-11 20:44:26,61.67,96.37,64.2,56,100,1.66
234,Beira,MZ,2021-08-11 20:44:26,-19.8436,34.8389,66.29,100,20,4.61
235,Dunedin,NZ,2021-08-11 20:42:15,-45.8742,170.5036,51.8,64,70,7.0
236,Nara,JP,2021-08-11 20:44:26,34.6851,135.8049,76.32,88,100,3.04
237,Saskylakh,RU,2021-08-11 20:44:27,71.9167,114.0833,49.6,84,100,6.44
238,Pombas,CV,2021-08-11 20:44:27,17.1503,-25.0201,76.78,77,68,10.87
239,Puerto Madryn,AR,2021-08-11 20:44:27,-42.7692,-65.0385,52.66,48,0,18.59
240,Lompoc,US,2021-08-11 20:44:28,34.6391,-120.4579,95.11,65,1,18.41
241,Grand Gaube,MU,2021-08-11 20:44:28,-20.0064,57.6608,72.37,84,3,5.01
242,Itarema,BR,2021-08-11 20:44:28,-2.9248,-39.9167,79.45,81,0,17.9
243,Puerto Del Rosario,ES,2021-08-11 20:43:13,28.5004,-13.8627,73.15,64,20,11.5
244,Mount Isa,AU,2021-08-11 20:44:29,-20.7333,139.5,49.77,62,0,2.3
245,Sisimiut,GL,2021-08-11 20:44:29,66.9395,-53.6735,45.1,81,59,10.63
246,Businga,CD,2021-08-11 20:44:30,3.3333,20.8833,69.6,98,49,1.25
247,Dikson,RU,2021-08-11 20:44:30,73.5069,80.5464,42.49,88,100,12.28
248,Chuy,UY,2021-08-11 20:44:31,-33.6971,-53.4616,46.08,77,5,4.61
249,Salalah,OM,2021-08-11 20:44:31,17.0151,54.0924,77.09,88,75,2.3
250,Maniitsoq,GL,2021-08-11 20:44:31,65.4167,-52.9,43.25,91,55,5.3
251,Loa Janan,ID,2021-08-11 20:44:31,-0.583,117.095,73.09,98,100,1.39
252,Acari,PE,2021-08-11 20:44:32,-15.4311,-74.6158,70.34,59,23,7.18
253,Amapa,BR,2021-08-11 20:44:32,1.0,-52.0,72.81,98,68,5.3
254,Port-Gentil,GA,2021-08-11 20:44:33,-0.7193,8.7815,76.96,83,20,10.36
255,Idaho Falls,US,2021-08-11 20:44:33,43.4666,-112.0341,86.0,27,40,1.01
256,Mikkeli,FI,2021-08-11 20:42:33,61.6886,27.2723,60.15,100,0,1.14
257,Nuuk,GL,2021-08-11 20:44:33,64.1835,-51.7216,48.81,81,75,9.22
258,Alice Town,BS,2021-08-11 20:44:34,25.7167,-79.3,84.06,72,1,14.74
259,Henties Bay,NA,2021-08-11 20:44:34,-22.116,14.2845,57.85,89,65,6.06
260,Rafaela,AR,2021-08-11 20:44:35,-31.2503,-61.4867,59.99,26,0,1.99
261,Dijkot,PK,2021-08-11 20:44:35,31.2167,72.9833,92.3,34,0,5.66
262,Pemba,MZ,2021-08-11 20:44:35,-12.974,40.5178,74.1,73,20,11.5
263,Kavieng,PG,2021-08-11 20:44:36,-2.5744,150.7967,82.11,71,10,3.94
264,Staraya Toropa,RU,2021-08-11 20:44:36,56.2801,31.6702,59.38,90,55,2.13
265,Padang,ID,2021-08-11 20:44:37,-0.9492,100.3543,75.85,87,99,3.91
266,Ostrovnoy,RU,2021-08-11 20:44:37,68.0531,39.5131,57.65,83,15,9.89
267,Touros,BR,2021-08-11 20:44:38,-5.1989,-35.4608,77.9,81,15,13.09
268,Denpasar,ID,2021-08-11 20:44:38,-8.65,115.2167,78.46,89,40,16.11
269,Iralaya,HN,2021-08-11 20:44:38,15.0,-83.2333,89.69,70,94,8.81
270,Deputatskiy,RU,2021-08-11 20:44:38,69.3,139.9,58.93,81,100,2.26
271,Kiunga,PG,2021-08-11 20:44:39,-6.1219,141.2906,73.71,97,100,1.97
272,Ancud,CL,2021-08-11 20:44:39,-41.8697,-73.8203,54.93,71,0,3.0
273,Kudahuvadhoo,MV,2021-08-11 20:44:40,2.6708,72.8944,81.66,73,99,10.22
274,Port Macquarie,AU,2021-08-11 20:44:40,-31.4333,152.9167,51.76,64,85,6.35
275,Partyzany,UA,2021-08-11 20:44:41,46.3314,34.7503,75.42,61,97,8.03
276,Souillac,MU,2021-08-11 20:44:41,-20.5167,57.5167,72.36,88,75,9.22
277,Xining,CN,2021-08-11 20:44:42,36.6167,101.7667,56.7,73,100,1.07
278,Teknaf,BD,2021-08-11 20:44:42,20.8624,92.3058,80.26,88,100,8.28
279,Fort-Shevchenko,KZ,2021-08-11 20:44:43,44.5086,50.263,87.24,40,67,4.54
280,Jizan,SA,2021-08-11 20:44:43,17.3333,42.6667,90.54,55,37,3.4
281,Grindavik,IS,2021-08-11 20:44:44,63.8424,-22.4338,54.07,82,75,9.22
282,Coolum Beach,AU,2021-08-11 20:41:04,-26.5333,153.1,56.34,86,72,3.56
283,Mlonggo,ID,2021-08-11 20:44:44,-6.5333,110.7,74.91,74,37,6.62
284,Alto Araguaia,BR,2021-08-11 20:44:45,-17.3147,-53.2153,84.43,21,16,10.54
285,Victoria,HK,2021-08-11 20:41:46,22.2855,114.1577,82.45,90,100,7.54
286,Khonsa,IN,2021-08-11 20:44:45,27.0167,95.5667,69.71,98,99,3.36
287,Zanjan,IR,2021-08-11 20:44:46,36.6736,48.4787,74.64,36,7,4.03
288,Sarkand,KZ,2021-08-11 20:44:46,45.41,79.9186,66.38,42,32,7.63
289,Kupang,ID,2021-08-11 20:44:47,-10.1667,123.5833,77.41,81,11,11.68
290,Agadez,NE,2021-08-11 20:44:47,19.75,10.25,88.97,35,8,13.0
291,Stara Vyzhivka,UA,2021-08-11 20:44:47,51.4376,24.44,57.76,88,1,7.16
292,Krasnoarmeysk,RU,2021-08-11 20:44:48,51.0239,45.6969,79.16,40,8,12.3
293,Fairbanks,US,2021-08-11 20:40:43,64.8378,-147.7164,66.02,68,40,5.75
294,Elko,US,2021-08-11 20:44:48,41.0002,-115.5012,93.74,9,2,8.01
295,Porto Torres,IT,2021-08-11 20:44:49,40.835,8.3972,80.78,65,46,6.08
296,Tual,ID,2021-08-11 20:44:49,-5.6667,132.75,79.68,84,41,18.66
297,Saint-Joseph,RE,2021-08-11 20:44:49,-21.3667,55.6167,70.16,83,21,7.11
298,Valley City,US,2021-08-11 20:40:13,46.9233,-98.0032,85.19,26,1,19.57
299,San Lazaro,BZ,2021-08-11 20:44:50,18.0387,-88.6622,83.91,72,100,6.96
300,Terme,TR,2021-08-11 20:44:50,41.2092,36.9739,71.53,90,100,10.85
301,Kidal,ML,2021-08-11 20:44:50,18.4411,1.4078,97.12,20,21,3.15
302,Swan River,CA,2021-08-11 20:42:16,52.1058,-101.2676,71.49,33,99,19.57
303,San Quintin,MX,2021-08-11 20:44:51,30.4833,-115.95,77.74,59,1,9.73
304,Lasa,IT,2021-08-11 20:44:51,46.6166,10.7002,70.68,76,2,1.14
305,Aswan,EG,2021-08-11 20:44:52,24.0934,32.907,96.1,16,0,11.5
306,Guerrero Negro,MX,2021-08-11 20:44:52,27.9769,-114.0611,89.74,45,14,10.67
307,Tres Picos,MX,2021-08-11 20:44:52,15.8667,-93.5333,89.6,55,100,3.27
308,Farcasa,RO,2021-08-11 20:44:53,47.5833,23.3333,70.05,73,5,2.3
309,Palu,ID,2021-08-11 20:44:53,-0.8917,119.8707,74.71,95,52,3.42
310,Sangin,AF,2021-08-11 20:44:54,32.0728,64.8359,84.43,9,0,4.29
311,Botou,CN,2021-08-11 20:44:54,38.0667,116.5667,72.72,94,100,5.75
312,Socorro,US,2021-08-11 20:44:54,31.6546,-106.3033,90.1,42,75,13.8
313,Moindou,NC,2021-08-11 20:44:55,-21.6924,165.677,60.75,60,0,4.59
314,Kulhudhuffushi,MV,2021-08-11 20:44:55,6.6221,73.07,82.0,76,100,15.46
315,Zlobin,HR,2021-08-11 20:44:55,45.2924,14.6541,74.5,42,0,8.05
316,Key West,US,2021-08-11 20:44:56,24.5557,-81.7826,93.2,55,20,12.66
317,Komsomolskiy,UZ,2021-08-11 20:44:56,40.4272,71.7189,78.22,36,2,6.91
318,Marawi,PH,2021-08-11 20:44:56,7.9986,124.2928,68.65,93,97,2.35
319,Perene,PE,2021-08-11 20:44:57,-10.9492,-75.2261,83.55,48,95,4.25
320,Mumford,GH,2021-08-11 20:44:58,5.2618,-0.759,75.58,90,95,11.1
321,Am Timan,TD,2021-08-11 20:44:58,11.0297,20.2827,73.53,94,100,4.56
322,San Lawrenz,MT,2021-08-11 20:44:58,36.0553,14.204,85.86,72,6,6.55
323,Merauke,ID,2021-08-11 20:44:59,-8.4667,140.3333,75.42,88,40,12.59
324,Puerto Quijarro,BO,2021-08-11 20:44:59,-17.7833,-57.7667,80.87,35,9,5.97
325,Pingzhuang,CN,2021-08-11 20:44:59,42.0372,119.2889,58.98,92,19,3.36
326,Alice Springs,AU,2021-08-11 20:45:00,-23.7,133.8833,44.15,57,0,6.91
327,Yugorsk,RU,2021-08-11 20:45:00,61.3133,63.3319,53.8,74,21,1.66
328,Kalmunai,LK,2021-08-11 20:45:00,7.4167,81.8167,77.5,84,100,11.63
329,Nikolskoye,RU,2021-08-11 20:45:01,59.7035,30.7861,62.49,67,95,4.12
330,Ginda,IN,2021-08-11 20:45:01,30.6945,78.4932,63.82,92,10,3.33
331,La Rioja,ES,2021-08-11 20:44:05,42.25,-2.5,78.58,66,100,3.74
332,Hasaki,JP,2021-08-11 20:45:02,35.7333,140.8333,73.8,88,100,2.68
333,Kidero,RU,2021-08-11 20:45:02,42.1932,45.9614,56.53,64,50,2.98
334,Rawson,AR,2021-08-11 20:45:04,-43.3002,-65.1023,54.43,38,0,15.19
335,Qui Nhon,VN,2021-08-11 20:41:16,13.7667,109.2333,81.84,73,100,3.18
336,Port Hawkesbury,CA,2021-08-11 20:45:05,45.6169,-61.3485,79.02,87,90,5.01
337,Viedma,AR,2021-08-11 20:45:05,-40.8135,-62.9967,49.15,45,2,3.2
338,Aksarka,RU,2021-08-11 20:45:05,66.5606,67.7975,54.36,61,82,4.85
339,Charters Towers,AU,2021-08-11 20:45:06,-20.1,146.2667,62.26,80,100,6.22
340,Pyay,MM,2021-08-11 20:45:06,18.8167,95.2167,76.68,93,100,3.8
341,Sabla,NG,2021-08-11 20:45:06,12.7525,4.7077,79.95,75,98,1.41
342,Sesheke,ZM,2021-08-11 20:45:07,-17.4759,24.2968,59.85,34,0,6.04
343,Changji,CN,2021-08-11 20:45:07,44.0167,87.3167,77.79,36,0,8.95
344,Koslan,RU,2021-08-11 20:45:07,63.4564,48.8989,62.87,65,100,7.36
345,Sao Jose Da Coroa Grande,BR,2021-08-11 20:45:08,-8.8978,-35.1478,74.68,88,45,9.17
346,Ballina,AU,2021-08-11 20:45:08,-28.8667,153.5667,57.78,88,0,3.44
347,Itacoatiara,BR,2021-08-11 20:45:09,-3.1431,-58.4442,94.14,37,48,2.55
348,Biak,ID,2021-08-11 20:45:09,-0.9131,122.8766,75.22,86,72,6.49
349,Moerai,PF,2021-08-11 20:45:09,-22.4333,-151.3333,73.99,72,27,5.57
350,Luderitz,NA,2021-08-11 20:45:10,-26.6481,15.1594,57.11,76,80,7.85
351,Batasan,PH,2021-08-11 20:45:10,12.7667,120.7833,79.9,75,96,4.18
352,Byron Bay,AU,2021-08-11 20:45:10,-28.65,153.6167,58.95,84,0,10.45
353,Flin Flon,CA,2021-08-11 20:45:11,54.7682,-101.865,62.44,51,75,14.97
354,Odweyne,SO,2021-08-11 20:45:11,9.4092,45.064,77.07,45,44,13.33
355,Sicamous,CA,2021-08-11 20:45:08,50.8331,-118.9856,93.09,25,7,7.36
356,Hokitika,NZ,2021-08-11 20:45:12,-42.7167,170.9667,51.44,87,100,2.48
357,La Cruz,MX,2021-08-11 20:45:12,23.9167,-106.9,87.48,79,100,7.0
358,Ahipara,NZ,2021-08-11 20:45:12,-35.1667,173.1667,54.88,74,27,4.54
359,Zhigansk,RU,2021-08-11 20:45:13,66.7697,123.3711,59.22,70,100,2.35
360,Independencia,BR,2021-08-11 20:45:13,-5.3964,-40.3086,87.78,35,82,5.55
361,Sirjan,IR,2021-08-11 20:45:13,29.452,55.6814,79.32,11,0,4.27
362,Vila Franca Do Campo,PT,2021-08-11 20:45:14,37.7167,-25.4333,73.81,86,4,6.35
363,Forssa,FI,2021-08-11 20:45:14,60.8146,23.6215,61.07,86,89,2.62
364,Hay River,CA,2021-08-11 20:42:18,60.8156,-115.7999,55.36,87,75,8.05
365,Debre Tabor,ET,2021-08-11 20:45:15,11.85,38.0167,51.12,84,9,2.66
366,Bontang,ID,2021-08-11 20:45:16,0.1333,117.5,77.07,87,100,3.69
367,Spirovo,RU,2021-08-11 20:45:16,57.419,34.9766,60.4,99,100,3.89
368,Englewood,US,2021-08-11 20:45:16,39.6478,-104.9878,98.98,14,20,3.0
369,Mao,ES,2021-08-11 20:45:17,39.8885,4.2658,81.16,83,0,5.75
370,Lagos,NG,2021-08-11 20:43:16,6.5833,3.75,79.12,87,100,5.93
371,Belmonte,BR,2021-08-11 20:45:17,-15.8631,-38.8828,75.7,80,1,7.72
372,Zhuzhou,CN,2021-08-11 20:45:17,27.8333,113.15,80.73,95,100,1.36
373,Kasamwa,TZ,2021-08-11 20:45:18,-2.85,32.4333,69.46,60,61,1.23
374,Seoul,KR,2021-08-11 20:43:46,37.5683,126.9778,74.8,86,40,2.3
375,Galle,LK,2021-08-11 20:45:18,6.0367,80.217,77.22,89,100,14.05
376,Myaundzha,RU,2021-08-11 20:45:18,63.0494,147.1858,64.56,39,24,2.86
377,Eureka,US,2021-08-11 20:45:19,40.8021,-124.1637,92.68,74,54,3.0
378,Gimli,CA,2021-08-11 20:42:16,50.6336,-96.9907,71.62,43,41,13.8
379,Nerchinskiy Zavod,RU,2021-08-11 20:45:19,51.3088,119.61,54.52,93,100,2.33
380,Naze,JP,2021-08-11 20:45:20,28.3667,129.4833,78.55,87,100,18.59
381,Bima,ID,2021-08-11 20:45:20,-8.4667,118.7167,74.89,92,27,4.21
382,Comodoro Rivadavia,AR,2021-08-11 20:44:00,-45.8667,-67.5,62.46,19,0,14.97
383,Union,US,2021-08-11 20:45:04,40.6334,-74.2663,95.22,61,1,6.91
384,Inhambane,MZ,2021-08-11 20:45:20,-23.865,35.3833,66.15,83,87,9.46
385,Hare Bay,CA,2021-08-11 20:45:21,48.8499,-54.0148,65.55,80,100,6.53
386,Adrar,MR,2021-08-11 20:45:21,20.5022,-10.0711,94.5,16,17,11.12
387,Kuryk,KZ,2021-08-11 20:45:21,43.2,51.65,88.68,28,94,2.82
388,Kununurra,AU,2021-08-11 20:45:22,-15.7667,128.7333,64.38,72,36,5.75
389,Banjar,ID,2021-08-11 20:45:22,-8.19,114.9675,78.66,89,9,4.85
390,Estelle,US,2021-08-11 20:45:22,29.8458,-90.1067,90.0,74,75,3.44
391,Lahij,YE,2021-08-11 20:45:23,13.1667,44.5833,89.06,40,42,4.94
392,Coihaique,CL,2021-08-11 20:42:26,-45.5752,-72.0662,50.61,53,0,0.0
393,Olinda,BR,2021-08-11 20:45:23,-8.0089,-34.8553,74.93,94,75,4.61
394,Orda,RU,2021-08-11 20:45:23,57.1951,56.9091,51.4,79,19,6.51
395,Pevek,RU,2021-08-11 20:45:24,69.7008,170.3133,38.61,74,94,7.25
396,West Bay,KY,2021-08-11 20:45:24,19.3667,-81.4167,88.05,74,40,1.99
397,Egvekinot,RU,2021-08-11 20:45:25,66.3167,-179.1667,34.79,81,100,1.32
398,Vardo,NO,2021-08-11 20:45:25,70.3705,31.1107,59.2,88,40,9.22
399,Goundam,ML,2021-08-11 20:45:25,16.4145,-3.6708,97.81,33,44,2.57
400,Sigli,ID,2021-08-11 20:45:26,5.3848,95.9609,78.17,72,100,5.12
401,Boende,CD,2021-08-11 20:45:26,-0.2167,20.8667,74.25,80,71,2.55
402,Mikun,RU,2021-08-11 20:45:26,62.3547,50.0771,59.38,74,98,7.63
403,Sal Rei,CV,2021-08-11 20:45:26,16.1833,-22.9167,77.56,77,40,14.5
404,Menongue,AO,2021-08-11 20:45:27,-14.6585,17.691,57.81,20,0,3.78
405,Takaka,NZ,2021-08-11 20:45:27,-40.85,172.8,52.56,78,58,5.77
406,Thinadhoo,MV,2021-08-11 20:45:28,0.5333,72.9333,81.77,70,100,12.01
407,Zatoka,UA,2021-08-11 20:45:28,46.0725,30.4654,72.14,59,0,12.55
408,Hisai,JP,2021-08-11 20:45:28,34.6667,136.4667,76.8,90,100,2.64
409,Monrovia,LR,2021-08-11 20:45:29,6.3005,-10.7969,76.77,91,100,11.72
410,Maceio,BR,2021-08-11 20:45:29,-9.6658,-35.7353,74.64,88,75,5.75
411,Madera,US,2021-08-11 20:43:32,37.1666,-119.8343,105.76,22,3,1.99
412,Sept-Iles,CA,2021-08-11 20:45:29,50.2001,-66.3821,73.92,83,75,5.99
413,Port Blair,IN,2021-08-11 20:45:30,11.6667,92.75,81.39,81,100,10.63
414,Mayo,US,2021-08-11 20:45:30,38.8876,-76.5119,97.57,68,1,3.0
415,Shingu,JP,2021-08-11 20:45:31,33.7333,135.9833,78.91,96,100,5.66
416,Jiazi,CN,2021-08-11 20:45:31,22.8779,116.067,80.83,90,100,6.62
417,Kanel,SN,2021-08-11 20:45:31,15.4916,-13.1763,92.17,34,96,11.25
418,Borogontsy,RU,2021-08-11 20:45:32,62.6683,131.1683,64.15,89,100,1.57
419,Talagang,PK,2021-08-11 20:45:32,32.9297,72.4158,89.65,43,0,11.97
420,Poum,NC,2021-08-11 20:45:32,-20.2333,164.0167,70.52,60,5,23.22
421,Boyuibe,BO,2021-08-11 20:45:33,-20.4167,-63.2833,58.91,38,71,7.38
422,San Pedro,PH,2021-08-11 20:45:33,14.35,121.0167,79.83,87,40,4.61
423,Olafsvik,IS,2021-08-11 20:45:34,64.8945,-23.7142,57.96,72,32,1.7
424,Bouna,CI,2021-08-11 20:45:34,9.2667,-3.0,72.01,95,100,2.64
425,Mbekenyera,TZ,2021-08-11 20:45:34,-10.0,38.9833,63.82,78,28,2.48
426,Khandyga,RU,2021-08-11 20:45:35,62.6667,135.6,64.15,54,100,3.6
427,Namatanai,PG,2021-08-11 20:45:35,-3.6667,152.4333,79.86,82,65,4.45
428,Tautira,PF,2021-08-11 20:45:35,-17.7333,-149.15,82.42,80,63,15.03
429,Buchanan,LR,2021-08-11 20:45:36,5.8808,-10.0467,76.96,89,100,9.66
430,Guilin,CN,2021-08-11 20:45:36,25.2819,110.2864,77.11,98,100,1.48
431,Aguimes,ES,2021-08-11 20:45:36,27.9054,-15.4461,70.43,64,40,16.11
432,Esmeraldas,BR,2021-08-11 20:45:37,-19.7625,-44.3139,84.31,32,22,1.77
433,Pocone,BR,2021-08-11 20:45:37,-16.2567,-56.6228,85.14,29,46,5.73
434,Vikhorevka,RU,2021-08-11 20:45:37,56.1201,101.1636,54.99,69,34,2.68
435,Gazanjyk,TM,2021-08-11 20:45:38,39.2446,55.5154,87.17,15,1,6.64
436,Shitanjing,CN,2021-08-11 20:45:38,39.2342,106.3439,62.22,59,43,4.43
437,Hobyo,SO,2021-08-11 20:45:38,5.3505,48.5268,76.37,87,99,23.26
438,Grande Prairie,CA,2021-08-11 20:45:00,55.1667,-118.8027,73.58,28,40,14.97
439,Izumo,JP,2021-08-11 20:45:39,35.3667,132.7667,73.35,91,99,4.36
440,Uyar,RU,2021-08-11 20:45:39,55.81,94.3153,60.91,93,100,4.68
441,Alyangula,AU,2021-08-11 20:45:39,-13.8483,136.4192,64.27,94,0,0.0
442,Caravelas,BR,2021-08-11 20:45:40,-17.7125,-39.2481,70.18,85,8,4.88
443,Norrtalje,SE,2021-08-11 20:45:40,59.758,18.705,64.02,91,97,3.76
444,Hanzhong,CN,2021-08-11 20:42:48,33.0728,107.0303,71.44,75,100,1.07
445,Sangar,RU,2021-08-11 20:45:41,63.9242,127.4739,60.93,94,100,3.53
446,Portland,US,2021-08-11 20:44:10,45.5234,-122.6762,100.63,35,20,3.0
447,Wanning,CN,2021-08-11 20:45:41,18.8003,110.3967,81.14,92,100,6.64
448,Buraydah,SA,2021-08-11 20:45:42,26.326,43.975,95.45,11,85,8.57
449,Muhos,FI,2021-08-11 20:45:42,64.808,25.9931,60.58,96,21,4.97
450,Kirakira,SB,2021-08-11 20:45:42,-10.4544,161.9205,79.34,85,99,13.65
451,Manama,BH,2021-08-11 20:45:43,26.2154,50.5832,95.34,64,0,1.14
452,Goch,DE,2021-08-11 20:45:43,51.6667,6.1667,66.49,84,0,1.14
453,Nampula,MZ,2021-08-11 20:45:43,-15.1165,39.2666,66.15,77,20,5.75
454,Palana,RU,2021-08-11 20:45:44,59.1167,159.9667,52.52,74,9,4.07
455,Trincomalee,LK,2021-08-11 20:45:44,8.5711,81.2335,79.57,84,100,17.54
456,Iranshahr,IR,2021-08-11 20:45:44,27.2025,60.6848,95.34,36,0,0.0
457,Bartica,GY,2021-08-11 20:45:45,6.4,-58.6167,77.32,88,100,2.04
458,Vao,NC,2021-08-11 20:45:45,-22.6667,167.4833,67.8,55,9,23.73
459,Gillette,US,2021-08-11 20:45:45,44.2911,-105.5022,88.68,19,1,5.01
460,Bilibino,RU,2021-08-11 20:45:46,68.0546,166.4372,52.81,49,76,2.15
461,Quesnel,CA,2021-08-11 20:43:32,52.9999,-122.5029,75.7,31,1,5.75
462,Svetlogorsk,BY,2021-08-11 20:45:46,52.6333,29.7333,65.08,73,57,5.82
463,Wuwei,CN,2021-08-11 20:45:46,37.9281,102.6414,64.35,65,99,3.38
464,Abu Samrah,SY,2021-08-11 20:45:47,35.3029,37.1841,83.07,41,26,6.82
465,Bereda,ES,2021-08-11 20:45:47,43.2686,-7.5406,64.58,97,10,3.71
466,Vanimo,PG,2021-08-11 20:45:47,-2.6741,141.3028,76.86,90,90,6.2
467,Olga,RU,2021-08-11 20:45:48,43.7444,135.2892,56.86,82,100,4.74
468,Praia Da Vitoria,PT,2021-08-11 20:45:48,38.7333,-27.0667,79.05,69,20,10.47
469,Faya,SA,2021-08-11 20:45:48,18.3851,42.4509,70.32,58,87,2.33
470,Athabasca,CA,2021-08-11 20:45:49,54.7169,-113.2854,69.49,39,99,18.86
471,Barcelona,ES,2021-08-11 20:41:18,41.3888,2.159,85.82,56,20,1.14
472,Isla Vista,US,2021-08-11 20:45:49,34.4133,-119.861,100.08,59,75,3.44
473,Stornoway,GB,2021-08-11 20:45:49,58.2093,-6.3865,55.92,82,36,6.91
474,Lethem,GY,2021-08-11 20:45:50,3.3803,-59.7968,82.18,79,100,4.36
475,Nyurba,RU,2021-08-11 20:45:50,63.2842,118.3319,63.37,67,92,1.25
476,Kiama,AU,2021-08-11 20:45:50,-34.6833,150.8667,58.37,58,42,14.67
477,Constitucion,CL,2021-08-11 20:45:51,-35.3333,-72.4167,53.78,62,0,4.5
478,Rio Grande,BR,2021-08-11 20:45:15,-32.035,-52.0986,51.91,68,15,9.48
479,Rostovka,RU,2021-08-11 20:45:52,55.3842,71.8891,55.26,92,100,15.97
480,Kizukuri,JP,2021-08-11 20:45:52,40.8061,140.3861,65.32,87,100,4.92
481,Havelock,US,2021-08-11 20:45:52,34.8791,-76.9013,92.05,76,20,5.99
482,Kozhva,RU,2021-08-11 20:45:53,65.1073,57.0459,54.54,74,99,6.44
483,Tilichiki,RU,2021-08-11 20:45:53,60.4667,166.1,60.1,59,24,5.68
484,Hami,CN,2021-08-11 20:45:53,42.8,93.45,79.18,34,0,6.11
485,Srednekolymsk,RU,2021-08-11 20:45:54,67.45,153.6833,59.36,40,83,3.09
486,Nador,MA,2021-08-11 20:45:54,35.174,-2.9287,78.87,83,0,2.3
487,Sinnamary,GF,2021-08-11 20:45:55,5.3833,-52.95,77.59,87,100,7.31
488,Buala,SB,2021-08-11 20:45:55,-8.145,159.5921,76.6,93,100,12.33
489,Gurlan,UZ,2021-08-11 20:45:55,41.8447,60.3919,78.71,29,0,10.07
490,Jalu,LY,2021-08-11 20:45:56,29.0331,21.5482,89.82,41,0,13.13
491,Basco,PH,2021-08-11 20:45:56,20.4487,121.9702,82.51,76,100,10.69
492,Kikerino,RU,2021-08-11 20:45:56,59.4667,29.6333,61.27,81,17,4.81
493,Santa Barbara,US,2021-08-11 20:43:52,34.7333,-120.0343,95.34,18,16,9.6
494,Bulawayo,ZW,2021-08-11 20:45:57,-20.15,28.5833,55.51,52,0,5.35
495,Aljezur,PT,2021-08-11 20:45:57,37.3191,-8.8033,64.78,90,1,9.42
496,Mildura,AU,2021-08-11 20:45:58,-34.2,142.15,40.96,100,0,4.61
497,Oltu,TR,2021-08-11 20:45:58,40.5498,42.0013,63.36,77,94,2.01
498,Los Llanos De Aridane,ES,2021-08-11 20:45:58,28.6585,-17.9182,71.35,96,0,13.8
499,Ranong,TH,2021-08-11 20:45:59,9.9658,98.6348,78.62,89,73,9.62
500,Paamiut,GL,2021-08-11 20:45:59,61.994,-49.6678,44.89,86,62,11.48
501,Kahului,US,2021-08-11 20:45:59,20.8947,-156.47,85.26,74,40,18.41
502,Najran,SA,2021-08-11 20:46:00,17.4924,44.1277,90.25,41,58,3.51
503,Gamba,GA,2021-08-11 20:46:00,-2.65,10.0,74.66,86,85,6.13
504,Sorong,ID,2021-08-11 20:46:00,-0.8833,131.25,77.61,87,80,6.6
505,Sinegorskiy,RU,2021-08-11 20:46:01,48.0139,40.8447,76.21,67,59,4.9
506,Khakhea,BW,2021-08-11 20:46:01,-24.6895,23.494,61.66,34,70,13.2
507,Santa Maria,BR,2021-08-11 20:45:02,-29.6842,-53.8069,56.5,54,75,4.61
508,Rayong,TH,2021-08-11 20:46:01,12.8333,101.4333,81.28,89,99,4.94
509,Deori Khas,IN,2021-08-11 20:46:02,23.4,79.0167,75.6,87,100,5.68
510,Cachoeiro De Itapemirim,BR,2021-08-11 20:43:38,-20.8489,-41.1128,71.8,72,27,7.63
511,Wageningen,NL,2021-08-11 20:46:02,51.9667,5.6667,65.17,90,33,4.7
512,Kattivakkam,IN,2021-08-11 20:46:03,13.2167,80.3167,86.09,66,100,9.51
513,Khorixas,NA,2021-08-11 20:46:03,-20.3667,14.9667,58.82,60,6,2.84
514,Dengzhou,CN,2021-08-11 20:46:04,37.8086,120.7508,74.68,84,100,3.89
515,Le Vauclin,MQ,2021-08-11 20:46:04,14.5452,-60.8388,86.13,74,75,12.66
516,Mayumba,GA,2021-08-11 20:46:04,-3.432,10.6554,73.63,89,39,5.93
517,Port-Cartier,CA,2021-08-11 20:46:05,50.0334,-66.8654,73.62,82,59,6.53
518,Aconibe,GQ,2021-08-11 20:46:05,1.2968,10.9369,67.15,98,94,3.67
519,Husavik,IS,2021-08-11 20:46:05,66.0449,-17.3389,58.91,72,11,3.71
520,Ayan,RU,2021-08-11 20:46:06,56.45,138.1667,63.28,73,10,3.47
521,Camopi,GF,2021-08-11 20:46:06,3.1655,-52.3158,76.23,95,85,3.78
522,Ossora,RU,2021-08-11 20:46:06,59.2353,163.0719,62.11,63,4,1.54
523,Hambantota,LK,2021-08-11 20:46:07,6.1241,81.1185,78.24,82,100,18.43
524,Valdivia,CL,2021-08-11 20:46:07,-39.8142,-73.2459,60.89,69,0,3.71
525,San Cristobal,VE,2021-08-11 20:46:08,7.7669,-72.225,84.38,66,97,6.06
526,Herat,AF,2021-08-11 20:46:08,34.5,62.0,75.85,18,0,10.74
527,Tynda,RU,2021-08-11 20:46:08,55.1667,124.7167,50.56,93,38,0.83
528,Anqing,CN,2021-08-11 20:46:08,30.5092,117.0506,76.64,97,100,1.72
529,Dembi Dolo,ET,2021-08-11 20:46:09,8.5333,34.8,56.37,95,99,2.3
530,Lancaster,US,2021-08-11 20:42:35,40.2504,-76.2499,94.46,71,90,1.01
531,Jutai,BR,2021-08-11 20:46:09,-5.1833,-68.9,96.17,29,91,3.76
532,Coro,VE,2021-08-11 20:46:10,11.4045,-69.6734,86.34,69,95,17.07
533,Songjianghe,CN,2021-08-11 20:46:10,42.1859,127.479,54.55,98,11,3.85
534,Nouakchott,MR,2021-08-11 20:41:54,18.0858,-15.9785,80.53,69,9,21.77
535,Santa Maria Da Vitoria,BR,2021-08-11 20:46:10,-13.3947,-44.1886,82.22,26,5,4.07
536,Carrefour,HT,2021-08-11 20:46:11,18.5411,-72.3992,87.98,66,40,12.66
537,Neiafu,TO,2021-08-11 20:46:11,-18.65,-173.9833,74.08,88,75,10.36
538,Hohhot,CN,2021-08-11 20:41:12,40.8106,111.6522,55.69,76,0,2.24
539,Bow Island,CA,2021-08-11 20:46:11,49.8668,-111.3684,79.18,31,73,12.66
540,Sai Buri,TH,2021-08-11 20:46:12,6.7013,101.6168,77.34,88,88,4.03
541,Postoloprty,CZ,2021-08-11 20:46:13,50.3598,13.7029,67.98,88,48,1.54
542,Lufilufi,WS,2021-08-11 20:46:13,-13.8745,-171.5986,83.98,75,17,19.19
543,Kawambwa,ZM,2021-08-11 20:46:13,-9.7915,29.0791,60.75,29,0,4.61
544,Takoradi,GH,2021-08-11 20:46:14,4.8845,-1.7554,76.59,85,47,8.86
545,Malindi,KE,2021-08-11 20:46:14,-3.2175,40.1191,74.53,83,57,14.36
546,Baragua,CU,2021-08-11 20:46:14,21.6967,-78.6328,91.54,47,19,16.33
547,Tura,IN,2021-08-11 20:46:15,25.5198,90.2201,75.2,98,100,7.4
548,Chifeng,CN,2021-08-11 20:46:15,42.2683,118.9636,57.49,95,1,2.42
549,Izhma,RU,2021-08-11 20:46:15,65.0083,53.9113,59.54,71,100,6.87
550,Walvis Bay,NA,2021-08-11 20:46:16,-22.9575,14.5053,58.08,82,9,2.3
551,Tsumeb,NA,2021-08-11 20:46:16,-19.2333,17.7167,62.15,18,0,4.81
552,Port Lincoln,AU,2021-08-11 20:46:17,-34.7333,135.8667,53.02,82,4,9.78
553,Abu Dhabi,AE,2021-08-11 20:44:59,24.4667,54.3667,93.31,84,2,4.61
554,Doha,QA,2021-08-11 20:46:17,25.2867,51.5333,97.11,75,0,4.61
555,Pasinler,TR,2021-08-11 20:46:18,39.9803,41.6764,54.59,60,44,5.28
556,Ceres,US,2021-08-11 20:46:18,37.5949,-120.9577,109.31,24,1,8.05
557,Bridlington,GB,2021-08-11 20:46:18,54.0831,-0.1919,68.9,76,90,14.14
558,Vila,PT,2021-08-11 20:46:19,42.0304,-8.1588,61.68,70,0,3.76
559,Manaure,CO,2021-08-11 20:46:19,11.7751,-72.4445,84.72,71,85,16.15
560,Ocampo,MX,2021-08-11 20:46:19,21.65,-101.5,73.35,37,36,14.27
561,Mocuba,MZ,2021-08-11 20:46:20,-16.8392,36.9856,61.47,90,1,2.01
562,Harper,LR,2021-08-11 20:46:20,4.375,-7.7169,78.17,78,92,10.2
563,Zonguldak,TR,2021-08-11 20:46:20,41.25,31.8333,60.91,93,78,3.56
564,Avera,US,2021-08-11 20:46:21,33.194,-82.5271,94.66,42,69,4.54
565,Okha,RU,2021-08-11 20:46:21,53.5739,142.9478,53.55,79,8,8.14
566,Beroroha,MG,2021-08-11 20:46:21,-21.6667,45.1667,65.79,55,1,2.51
567,Markova,UA,2021-08-11 20:46:22,48.6758,24.4138,59.68,91,54,5.03
568,Tupiza,BO,2021-08-11 20:46:22,-21.45,-65.7167,66.74,13,25,20.49
569,Macas,EC,2021-08-11 20:46:22,-2.3167,-78.1167,74.95,83,75,2.3
570,Port Hedland,AU,2021-08-11 20:46:23,-20.3167,118.5667,55.45,28,0,6.91
